7,jesuisuntest,judek94923@gmail.com,$2y$10$MnNemYD7rNGrw2oMmkb6luGFrrLSFyLyarejhxWDKzeT20DHE1Vly,5365563                         
8,jesuisuntest,judek94923@gmail.com,$2y$10$MnNemYD7rNGrw2oMmkb6luGFrrLSFyLyarejhxWDKzeT20DHE1Vly,3556563                         
27,djdjdd,dddd@gmail.com,$2y$10$GcCEvAzN9Wx2s9T.lmeIh..6VXsvBKpakzv3q5ak74M.golMCMw5W,313503                          
31,djdjdd,dddd@gmail.com,$2y$10$GcCEvAzN9Wx2s9T.lmeIh..6VXsvBKpakzv3q5ak74M.golMCMw5W,313503                          
37,djdjdd,dddd@gmail.com,$2y$10$GcCEvAzN9Wx2s9T.lmeIh..6VXsvBKpakzv3q5ak74M.golMCMw5W,313503                          
33,jude,judek9392@gmail.com,$2y$10$mt3nfRw4Uftzqb9IPY5kMOJ8eazJ.zS1oaeF5z70f6WflziWeVfnW,NULL
38,djdjdd,dddd@gmail.com,$2y$10$GcCEvAzN9Wx2s9T.lmeIh..6VXsvBKpakzv3q5ak74M.golMCMw5W,822851                          
42,djdjdd,dddd@gmail.com,$2y$10$GcCEvAzN9Wx2s9T.lmeIh..6VXsvBKpakzv3q5ak74M.golMCMw5W,938580                          
35,jeremy,judek9392@gmail.com,$2y$10$J0BnlGEZkWmMexVGFIAVY.LHjMj2D17./oTzMjDadI3mQHYkAOaPi,431544                          
40,Houssam,judek9392@gmail.com,$2y$10$kyAr4Myt0gzYJhEyfd9gPOhd27vo3SbITzu2badYOcZhCbNDYteE6,351226                          
43,QUEENB,jlknedjkb@gmail.com,$2y$10$m.eYwViOAyJuLO7FGX2oCuD88mok8i4wwNpzjvdE4O4yh6zb4lk4m,380748                          
45,Beyonce,judek9392@gmail.com,$2y$10$S4sEb9IN2cfNfZKgIv4WQeokJRByMTooSOfrIVo4X8AVS5Qe9gWoy,943928                          
46,Vassili,judek9392@gmail.com,$2y$10$iMcn1G7SZ3WSi0eutGwABeKNXy5GaEtAllcunIgeYnbRxTkat4ULO,509940                          
29,jude,judek9392@gmail.com,$2y$10$NSUv9PN99NCVCW83mnfmgu3Q.zltzqgY6aeU92yNdhEGFKnY14KHW,931124                          
11,fbdd,judek9392@gmail.com,$2y$10$fv7sfSPZ3yeGX8unzZFf2uXsD6zoxJOXCC0b28Z1YU/gi/Lqm3dtm,292006                          
34,djdjdd,dddd@gmail.com,$2y$10$GcCEvAzN9Wx2s9T.lmeIh..6VXsvBKpakzv3q5ak74M.golMCMw5W,313503                          
39,djdjdd,dddd@gmail.com,$2y$10$GcCEvAzN9Wx2s9T.lmeIh..6VXsvBKpakzv3q5ak74M.golMCMw5W,938580                          
28,judekb,judek9392@gmail.com,$2y$10$bk9Kib0N0WRg/3oscsyB/OggTJSY2pKFHZBVpdWTP.p7H108YNrZ6,848321                          
30,jude,JUDEK9392@GMAIL.COM,$2y$10$yMctXshPQBemzzItEssqeOBJ5ZqsMNNQ9uBDq5d3MVP01BvV2LZsi,NULL
32,jude,judek9392@gmail.com,$2y$10$af/KnFxeLXNX6ojLZLYBUuZ78/eYxtW27vR5EOiLYGlo2tqZr24ei,NULL
41,djdjdd,dddd@gmail.com,$2y$10$GcCEvAzN9Wx2s9T.lmeIh..6VXsvBKpakzv3q5ak74M.golMCMw5W,938580                          
36,chris,judek9392@gmail.com,$2y$10$TjHdrfmTvzhRHMaEZqd22OxedYwKGs6EmlDyDuVDdBdKV1RmD8/dO,409441                          
44,judekbyesdfzeds,fzeihslkmfndesdsf@gmail.com,$2y$10$4NDs/q0pj5qfJcyBeB7o7OD43nbJPv4KPwwFsnQydZJ81xYma3rIa,491603                          
